<?xml version="1.0" encoding="UTF-8"?>
<config xmlns="http://www.knime.org/2008/09/XMLConfig" xmlns:xsi="http://www.w3.org/2001/XMLSchema-instance" xsi:schemaLocation="http://www.knime.org/2008/09/XMLConfig http://www.knime.org/XMLConfig_2008_09.xsd" key="content">
    <entry key="version" type="xint" value="1"/>
    <entry key="port_spec_class" type="xstring" value="org.knime.python2.port.PickledObjectPortObjectSpec"/>
    <entry key="port_object_class" type="xstring" value="org.knime.python2.port.PickledObjectFileStorePortObject"/>
    <config key="filestores">
        <entry key="handlerUUID" type="xstring" value="d0122270-62a2-4921-b483-67ce763a0815"/>
        <config key="port_file_store_keys">
            <config key="filestore_key_0">
                <entry key="storeUUID" type="xstring" value="d0122270-62a2-4921-b483-67ce763a0815"/>
                <entry key="index" type="xint" value="0"/>
                <entry key="name" type="xstring" value="0_a8247093-2694-4139-b1ec-ed34f1441542"/>
                <entry key="iterationIndex" type="xint" value="-1"/>
            </config>
        </config>
    </config>
</config>
