<?xml version="1.0" encoding="UTF-8"?>
<config xmlns="http://www.knime.org/2008/09/XMLConfig" xmlns:xsi="http://www.w3.org/2001/XMLSchema-instance" xsi:schemaLocation="http://www.knime.org/2008/09/XMLConfig http://www.knime.org/XMLConfig_2008_09.xsd" key="content">
    <entry key="version" type="xint" value="1"/>
    <entry key="port_spec_class" type="xstring" value="org.knime.ext.weka37.ports.WekaClassifierModelPortObjectSpec"/>
    <entry key="port_object_class" type="xstring" value="org.knime.ext.weka37.ports.WekaClassifierModelFileStorePortObject"/>
    <config key="filestores">
        <entry key="handlerUUID" type="xstring" value="9ae446ef-bc3d-41ef-9cd8-5cac1fde4507"/>
        <config key="port_file_store_keys">
            <config key="filestore_key_0">
                <entry key="storeUUID" type="xstring" value="9ae446ef-bc3d-41ef-9cd8-5cac1fde4507"/>
                <entry key="index" type="xint" value="0"/>
                <entry key="name" type="xstring" value="0_a55072eb-2007-4855-8b9a-be4a1c582bea"/>
                <entry key="iterationIndex" type="xint" value="-1"/>
            </config>
            <config key="filestore_key_1">
                <entry key="storeUUID" type="xstring" value="9ae446ef-bc3d-41ef-9cd8-5cac1fde4507"/>
                <entry key="index" type="xint" value="1"/>
                <entry key="name" type="xstring" value="1_c7952138-ecb4-4dba-af04-0dc3034fc6b5"/>
                <entry key="iterationIndex" type="xint" value="-1"/>
            </config>
        </config>
    </config>
</config>
