<?xml version="1.0" encoding="UTF-8"?>
<config xmlns="http://www.knime.org/2008/09/XMLConfig" xmlns:xsi="http://www.w3.org/2001/XMLSchema-instance" xsi:schemaLocation="http://www.knime.org/2008/09/XMLConfig http://www.knime.org/XMLConfig_2008_09.xsd" key="content">
    <entry key="version" type="xint" value="1"/>
    <entry key="port_spec_class" type="xstring" value="org.knime.base.node.mine.treeensemble2.model.TreeEnsembleModelPortObjectSpec"/>
    <entry key="port_object_class" type="xstring" value="org.knime.base.node.mine.treeensemble2.model.TreeEnsembleModelPortObject"/>
    <config key="filestores">
        <entry key="handlerUUID" type="xstring" value="c867ae99-9f07-448c-8f85-0d722da3f322"/>
        <config key="port_file_store_keys">
            <config key="filestore_key_0">
                <entry key="storeUUID" type="xstring" value="c867ae99-9f07-448c-8f85-0d722da3f322"/>
                <entry key="index" type="xint" value="0"/>
                <entry key="name" type="xstring" value="0_076eef3b-6417-4824-a47f-a776be631f3e"/>
                <entry key="iterationIndex" type="xint" value="-1"/>
            </config>
        </config>
    </config>
</config>
